{
  "0": {
    "precision": 0.9961241080479418,
    "recall": 0.8744874278036608,
    "f1-score": 0.9313510499907081,
    "support": 57309.0
  },
  "1": {
    "precision": 0.11296090763349365,
    "recall": 0.8244824482448245,
    "f1-score": 0.19869848156182213,
    "support": 1111.0
  },
  "accuracy": 0.8735364601163985,
  "macro avg": {
    "precision": 0.5545425078407178,
    "recall": 0.8494849380242426,
    "f1-score": 0.565024765776265,
    "support": 58420.0
  },
  "weighted avg": {
    "precision": 0.9793285874101388,
    "recall": 0.8735364601163985,
    "f1-score": 0.9174178592422573,
    "support": 58420.0
  }
}